INSERT INTO hotel_gnd.customers(NFCID,First_Name,Last_Name,Birth_Date,ID_Number,ID_Type,ID_Issuing_Authority)
VALUES ('1','Μύρωνας','Παπαδερός','2000-07-14','475855','Ταυτότητα','ΑΤ Βούλας'),
	   ('2','Παρασκευή','Κόγια','2000-11-26','524505','Ταυτότητα','ΑΤ Λαμίας'),
       ('3','Μαριαλένα','Βαγγελάτου','2000-06-12','123456','Διαβατήριο','ΑΤ Ηλιούπολης'),
       ('4','Χριστίνα','Ρεντίφη','2000-02-18','002521','Ταυτότητα','ΑΤ Λαμίας'),
       ('5','Δήμητρα','Κωσταβασίλη','2000-06-14','685921','Διαβατήριο','ΑΤ Αθηνών'),
       ('6','Γεώργιος','Τζουμανέκας','2000-07-15','071500','Διαβατήριο','ΑΤ Θήβας'),
       ('7','Νικόλαος','Μπλέτσας','2000-10-25','666444','Ταυτότητα','ΑΤ Λαμίας'),
       ('8','Δημήτριος','Κοκκίνης','2000-07-12','147258','Ταυτότητα','ΑΤ Βέροιας'),
       ('9','Δημήτρης','Δημητρόπουλος','1950-01-01','159357','Ταυτότητα','ΑΤ Σύρου'),
       ('10','Δημήτρης','Δημητρόπουλος','2005-12-31','753951','Διαβατήριο','ΑΤ Σύρου');
       
 INSERT INTO hotel_gnd.email(Email,Customer_ID)
 VALUES ('myrdipa@gmail.com','1'),
        ('dimpapa@yahoo.gr','1'),
        ('Evitoni2000@myspace.com','2'),
        ('Marvag@gmail.com','3'),
        ('Chrisred@yahoo.gr','4'),
        ('dimkosvas@ntua.gr','5'),
        ('geotzoum@gmail.com','6'),
        ('KillNick1234@yahoo.gr','7'),
        ('dimkokxoxo@gmail.com','8'),
        ('dimdim05@gmail.com','10'),
        ('dimopoulosdim@myspace.gr','10');

INSERT INTO hotel_gnd.phone(Phone_Number,Customer_ID)
VALUES ('6935556128','1'),
       ('6935559716','2'),
	   ('2231048059','2'),
       ('6955556837','7'),
       ('6905551330','3'),
       ('6945556218','4'),
       ('6905551304','5'),
       ('6995552016','6'),
       ('6935552384','7'),
       ('6955557289','8'),
       ('2103336699','9'),
       ('6955556084','10');
	   
INSERT INTO hotel_gnd.areas(Area_ID,Number_Of_Beds,Area_Name,Area_Description)
VALUES ('1','2','South_Fifth_Floor','Suite'),
       ('2','4','North_Fifth_Floor','Suite'),
       ('3','3','East_Fifth_Floor','Suite'),
       ('4','5','West_Fifth_Floor','Del_Suite'),
       ('5','1','South_Fifth_Floor','Suite'),
       ('6','2','North_Forth_Floor','VIP_Room'),
       ('7','3','East_Forth_Floor','VIP_Room'),
       ('8','1','West_Forth_Floor','VIP_Room'),
	   ('9','4','South_Forth_Floor','VIP_Fam_Room'),
       ('10','2','East_Third_Floor','Room'),
       ('11','3','West_Third_Floor','Room'),
	   ('12','1','North_Third_Floor','Room'),
       ('13','4','South_Third_Floor','Fam_Room'),
       ('14','1','West_Third_Floor','Room'),
       ('15','2','South_Second_Floor','Room'),
       ('16','4','North_Second_Floor','Fam_Room'),
       ('17','3','East_Second_Floor','Room'),
       ('18','2','West_Second_Floor','Room'),
       ('19','1','North_Second_Floor','Room'),
	   ('20','2','South_First_Floor','Room'),
       ('21','4','North_First_Floor','Fam_Room'),
       ('22','3','East_First_Floor','Room'),
       ('23','2','West_First_Floor','Room'),
       ('24','1','North_First_Floor','Room'),
       ('25','4','West_First_Floor','Room'),
       ('26',NULL,'Area_0','Reception'),
       ('27',NULL,'Area_1','Sauna'),
       ('28',NULL,'Area_1','Gym'),
       ('29',NULL,'Area_1','Work_Conference_Hall'),
       ('30',NULL,'Area_0','Gr_Restaurant'),
       ('31',NULL,'Area_2','Rock_Bar'),
       ('32',NULL,'Area_2','Trash_Bar'),
       ('33',NULL,'Area_2','Gr_Bar'),
	   ('34',NULL,'Area_3','It_Restaurant'),
       ('35',NULL,'Area_3','Sauna'),
       ('36',NULL,'Area_3','Hair_Sallon'),
       ('37',NULL,'Area_3','Work_Conference_Hall'),
       ('38',NULL,'Area_3','Pop_Bar'),
       ('39',NULL,'Area_4','Ch_Restaurant'),
       ('40',NULL,'Area_4','Mex_Restaurant'),
       ('41',NULL,'Area_4','Gr_Bar'),
	   ('42',NULL,'Area_1','Sauna'),
       ('43',NULL,'Area_1','Sauna'),
       ('44',NULL,'Area_1','Gym'),
       ('45',NULL,'Area_1','Work_Conference_Hall'),
       ('46',NULL,'Area_1','Sauna'),
       ('47',NULL,'Area_1','Sauna'),
       ('48',NULL,'Area_1','Work_Conference_Hall'),
       ('49',NULL,'Area_4','Eng_Bar'),
	   ('50',NULL,'Area_3','Work_Conference_Hall'),
       ('51',NULL,'Area_3','Sauna'),
       ('52',NULL,'Area_3','Sauna'),
       ('53',NULL,'Area_3','Sauna'),
       ('54',NULL,'Area_3','Sauna'),
       ('55',NULL,'Area_3','Gym'),
       ('56',NULL,'Area_3','Gym'),
       ('57',NULL,'Area_3','Work_Conference_Hall'),
       ('58',NULL,'Area_0','Work_Conference_Hall'),
       ('59',NULL,'Area_4','Work_Conference_Hall'),
       ('60',NULL,'Area_4','Work_Conference_Hall'),
       ('61',NULL,'Area_4','Work_Conference_Hall'),
       ('62',NULL,'West','Elevator'),
       ('63',NULL,'South','Elevator'),
       ('64',NULL,'North','Elevator'),
       ('65',NULL,'East','Elevetor'),
       ('66',NULL,'Area_0','Elevator');

INSERT INTO hotel_gnd.services(Service_ID,Service_Type)
VALUES ('1','Lives_In_Room'),
       ('2','Lives_In_Fam_Room'),
       ('3','Lives_In_VIP_Room'),
       ('4','Lives_In_VIP_Fam_Room'),
       ('5','Lives_In_Suite'),
       ('6','Lives_In_Del_Suite'),
       ('7','Dining'),
       ('8','Elevator_Use'),
       ('9','Sauna_Use'),
       ('10','Gym_Use'),
	   ('11','Work_Hall_Use'),
       ('12','Bar_Use'),
       ('13','Sallon_Use'),
       ('14','Get_Info');
       
INSERT INTO hotel_gnd.visit(customer_id,areas_id,Entrance_Date_Time,Exit_Date_Time)
VALUES  ('1','26','2020-05-09 09:39:00','2020-05-09 09:50:00'),
	    ('1','63','2020-05-09 10:12:00','2020-05-09 10:14:00'),
        ('1','37','2020-05-09 15:30:00','2020-05-09 17:30:00'),
		('1','63','2020-05-09 20:50:00','2020-05-09 20:52:00'),
		('1','41','2020-05-09 21:10:00','2020-05-10 01:15:00'),
		('1','44','2020-05-10 15:50:00','2020-05-10 16:52:00'),
		('1','63','2020-05-10 21:00:00','2020-05-10 21:02:00'),
		('1','41','2020-05-10 21:10:00','2020-05-11 03:30:00'),
		('1','30','2020-05-11 09:00:00','2020-05-11 11:32:00'),
		('2','26','2020-05-09 09:45:00','2020-05-09 09:55:00'),
		('2','63','2020-05-09 10:12:00','2020-05-09 10:14:00'),
		('2','63','2020-05-09 21:50:00','2020-05-09 21:52:00'),
		('2','41','2020-05-09 22:20:00','2020-05-10 00:15:00'),
		('2','30','2020-05-10 12:50:00','2020-05-10 14:52:00'),
		('2','45','2020-05-10 19:00:00','2020-05-10 21:00:00'),
		('2','63','2020-05-10 21:10:00','2020-05-10 21:12:00'),
		('2','31','2020-05-11 13:10:00','2020-05-11 17:30:00'),
		('2','57','2020-05-12 09:00:00','2020-05-12 12:32:00'),
		('2','32','2020-05-12 21:00:00','2020-05-12 23:32:00'),
		('2','40','2020-05-13 13:00:00','2020-05-13 15:02:00'),
		('2','63','2020-05-13 15:12:00','2020-05-13 15:14:00'),
		('2','63','2020-05-14 09:50:00','2020-05-09 09:52:00'),
		('3','26','2020-05-09 09:45:00','2020-05-09 09:55:00'),
		('3','63','2020-05-09 10:12:00','2020-05-09 10:14:00'),
		('3','63','2020-05-09 21:50:00','2020-05-09 21:52:00'),
		('3','41','2020-05-09 22:20:00','2020-05-10 01:15:00'),
		('3','34','2020-05-10 12:50:00','2020-05-10 14:52:00'),
		('3','61','2020-05-10 15:00:00','2020-05-10 20:00:00'),
		('3','63','2020-05-10 20:30:00','2020-05-10 20:32:00'),
		('3','30','2020-05-11 09:20:00','2020-05-11 11:30:00'),
		('3','40','2020-05-11 19:00:00','2020-05-11 21:32:00'),
		('3','36','2020-05-12 15:00:00','2020-05-12 16:00:00'),
		('3','31','2020-05-12 20:00:00','2020-05-13 23:32:00'),
		('3','63','2020-05-12 23:42:00','2020-05-13 23:44:00'),
		('3','63','2020-05-13 09:50:00','2020-05-13 09:52:00'),
		('4','26','2020-05-01 09:50:00','2020-05-01 09:59:00'),
		('4','62','2020-05-01 10:12:00','2020-05-01 10:14:00'),
		('4','27','2020-05-01 15:00:00','2020-05-01 16:32:00'),
		('4','39','2020-05-02 13:00:00','2020-05-02 16:02:00'),
		('4','40','2020-05-03 12:12:00','2020-05-03 12:14:00'),
		('4','42','2020-05-03 15:50:00','2020-05-03 17:42:00'),
		('4','30','2020-05-04 10:12:00','2020-05-04 13:14:00'),
		('4','34','2020-05-05 14:50:00','2020-05-05 16:52:00'),
		('4','33','2020-05-06 21:20:00','2020-05-07 01:15:00'),
		('4','52','2020-05-07 13:50:00','2020-05-07 15:32:00'),
		('4','40','2020-05-08 12:00:00','2020-05-08 15:00:00'),
		('4','62','2020-05-09 09:30:00','2020-05-09 09:32:00'),
		('5','26','2020-05-10 09:10:00','2020-05-10 09:30:00'),
		('5','34','2020-05-10 12:50:00','2020-05-10 14:52:00'),
		('5','61','2020-05-10 15:00:00','2020-05-10 20:00:00'),
		('6','26','2020-05-01 13:30:10','2020-05-01 13:40:00'),
		('6','66','2020-05-01 13:43:10','2020-05-01 13:45:00'),
		('6','31','2020-05-01 20:00:00','2020-05-01 23:50:00'),
		('6','62','2020-05-01 23:55:10','2020-05-01 23:57:00'),
		('6','34','2020-05-02 13:00:00','2020-05-02 15:50:00'),
		('6','66','2020-05-02 15:58:10','2020-05-02 16:00:00'),
		('6','31','2020-05-03 16:00:00','2020-05-03 20:50:00'),
		('6','62','2020-05-03 20:55:10','2020-05-03 20:57:00'),
	    ('6','34','2020-05-04 13:30:00','2020-05-02 15:50:00'),
		('6','62','2020-05-04 15:55:10','2020-05-04 15:57:00'),
		('6','34','2020-05-05 12:00:00','2020-05-05 14:30:00'),
		('6','66','2020-05-05 20:58:10','2020-05-05 21:00:00'),
		('6','38','2020-05-05 21:10:00','2020-05-05 03:50:00'),
		('6','40','2020-05-06 16:00:10','2020-05-06 18:37:00'),
		('6','66','2020-05-07 09:30:00','2020-05-07 09:32:00'),
		('7','26','2020-05-02 09:50:10','2020-05-02 09:58:00'),
		('7','66','2020-05-02 10:10:10','2020-05-02 10:12:00'),
		('7','33','2020-05-02 20:00:00','2020-05-02 23:50:00'),
		('7','62','2020-05-03 13:55:10','2020-05-03 13:57:00'),
		('7','34','2020-05-03 14:00:00','2020-05-03 15:50:00'),
		('7','66','2020-05-02 15:58:10','2020-05-02 16:00:00'),
		('7','31','2020-05-03 16:00:00','2020-05-03 20:50:00'),
		('7','34','2020-05-04 13:30:00','2020-05-04 15:50:00'),
		('7','62','2020-05-04 15:55:10','2020-05-04 15:57:00'),
		('7','39','2020-05-05 12:00:00','2020-05-05 14:30:00'),
		('7','66','2020-05-05 20:58:10','2020-05-05 21:00:00'),
		('7','38','2020-05-05 21:10:00','2020-05-05 03:50:00'),
		('7','66','2020-05-06 08:35:10','2020-05-06 08:37:00'),
		('8','26','2020-05-02 10:00:00','2020-05-02 10:05:00'),
		('8','28','2020-05-02 16:30:00','2020-05-02 18:50:00'),
		('8','44','2020-05-03 08:55:10','2020-05-03 12:57:00'),
		('8','31','2020-05-03 16:00:00','2020-05-03 20:30:00'),
		('8','55','2020-05-04 10:58:10','2020-05-04 15:00:00'),
		('8','56','2020-05-04 17:10:00','2020-05-04 20:50:00'),
		('9','26','2020-06-01 10:00:00','2020-06-01 10:15:00'),
		('9','64','2020-06-01 10:22:10','2020-06-01 10:23:00'),
		('9','64','2020-06-02 10:00:00','2020-06-02 10:02:00'),
		('9','27','2020-06-02 10:22:10','2020-06-02 12:23:00'),
		('9','64','2020-06-02 12:32:10','2020-06-02 12:34:00'),
		('9','64','2020-06-03 12:00:00','2020-06-03 12:02:00'),
		('9','34','2020-06-03 13:00:10','2020-06-03 16:23:00'),
		('9','64','2020-06-03 16:30:10','2020-06-03 16:32:00'),
		('9','64','2020-06-04 10:00:00','2020-06-04 10:02:00'),
		('9','27','2020-06-04 10:22:10','2020-06-04 12:23:00'),
		('9','64','2020-06-04 12:32:10','2020-06-04 12:34:00'),
		('9','64','2020-06-05 12:00:00','2020-06-05 12:02:00'),
		('9','34','2020-06-05 13:00:10','2020-06-05 16:23:00'),
		('9','64','2020-06-05 19:32:10','2020-06-05 19:34:00'),
		('10','26','2020-06-01 10:00:00','2020-06-01 10:15:00'),
		('10','64','2020-06-01 10:22:10','2020-06-01 10:23:00'),
		('10','64','2020-06-02 10:00:00','2020-06-02 10:02:00'),
		('10','36','2020-06-02 10:22:10','2020-06-02 11:23:00'),
		('10','64','2020-06-03 12:00:00','2020-06-03 12:02:00'),
		('10','34','2020-06-03 13:00:10','2020-06-03 16:23:00'),
		('10','39','2020-06-04 10:22:10','2020-06-04 12:23:00'),
		('10','64','2020-06-04 12:32:10','2020-06-04 12:34:00'),
		('10','64','2020-06-05 12:00:00','2020-06-05 12:02:00'),
		('10','34','2020-06-05 13:00:10','2020-06-05 16:23:00'),
		('10','64','2020-06-05 19:32:10','2020-06-05 19:34:00');
        
INSERT INTO hotel_gnd.have_access(customer_id,areas_id,Start_Date_Time,End_Date_Time)
VALUES  ('1','1','2020-05-09 10:10:10','2020-05-11 10:00:00'),
	    ('1','28','2020-05-09 10:10:10','2020-05-10 23:59:59'),
	    ('1','44','2020-05-09 10:10:10','2020-05-10 23:59:59'),
	    ('1','55','2020-05-09 10:10:10','2020-05-10 23:59:59'),
	    ('1','56','2020-05-09 10:10:10','2020-05-10 23:59:59'),
	    ('1','29','2020-05-09 10:10:10','2020-05-10 21:00:00'),
	    ('1','37','2020-05-09 10:10:10','2020-05-10 21:00:00'),
	    ('1','45','2020-05-09 10:10:10','2020-05-10 21:00:00'),
	    ('1','48','2020-05-09 10:10:10','2020-05-10 21:00:00'),
	    ('1','50','2020-05-09 10:10:10','2020-05-10 21:00:00'),
	    ('1','57','2020-05-09 10:10:10','2020-05-10 21:00:00'),
	    ('1','58','2020-05-09 10:10:10','2020-05-10 21:00:00'),
	    ('1','59','2020-05-09 10:10:10','2020-05-10 21:00:00'),
	    ('1','60','2020-05-09 10:10:10','2020-05-10 21:00:00'),
	    ('1','61','2020-05-09 10:10:10','2020-05-10 21:00:00'),
	    ('1','63','2020-05-09 10:10:10','2020-05-11 11:00:00'),
	    ('2','5','2020-05-09  10:00:00','2020-05-15 10:00:00'),
	    ('2','29','2020-05-09 10:10:10','2020-05-14 21:00:00'),
	    ('2','37','2020-05-09 10:10:10','2020-05-14 21:00:00'),
		('2','45','2020-05-09 10:10:10','2020-05-14 21:00:00'),
		('2','48','2020-05-09 10:10:10','2020-05-14 21:00:00'),
		('2','50','2020-05-09 10:10:10','2020-05-14 21:00:00'),
		('2','57','2020-05-09 10:10:10','2020-05-14 21:00:00'),
		('2','58','2020-05-09 10:10:10','2020-05-14 21:00:00'),
		('2','59','2020-05-09 10:10:10','2020-05-14 21:00:00'),
		('2','60','2020-05-09 10:10:10','2020-05-14 21:00:00'),
		('2','61','2020-05-09 10:10:10','2020-05-14 21:00:00'),
		('2','63','2020-05-09 10:10:10','2020-05-11 11:00:00'),
		('3','5','2020-05-09  10:00:00','2020-05-13 10:00:00'),
		('3','29','2020-05-09 10:10:10','2020-05-13 21:00:00'),
		('3','37','2020-05-09 10:10:10','2020-05-13 21:00:00'),
		('3','45','2020-05-09 10:10:10','2020-05-13 21:00:00'),
		('3','48','2020-05-09 10:10:10','2020-05-13 21:00:00'),
		('3','50','2020-05-09 10:10:10','2020-05-13 21:00:00'),
		('3','57','2020-05-09 10:10:10','2020-05-13 21:00:00'),
		('3','58','2020-05-09 10:10:10','2020-05-13 21:00:00'),
		('3','59','2020-05-09 10:10:10','2020-05-13 21:00:00'),
		('3','60','2020-05-09 10:10:10','2020-05-13 21:00:00'),
		('3','61','2020-05-09 10:10:10','2020-05-13 21:00:00'),
		('3','63','2020-05-09 10:10:10','2020-05-11 11:00:00'),
		('4','8','2020-05-01 10:30:00','2020-05-09 10:00:00'),
		('4','27','2020-05-01 10:10:10','2020-05-08 19:00:00'),
		('4','35','2020-05-01 10:10:10','2020-05-08 19:00:00'),
		('4','42','2020-05-01 10:10:10','2020-05-08 19:00:00'),
		('4','43','2020-05-01 10:10:10','2020-05-08 19:00:00'),
		('4','46','2020-05-01 10:10:10','2020-05-08 19:00:00'),
		('4','47','2020-05-01 10:10:10','2020-05-08 19:00:00'),
		('4','51','2020-05-01 10:10:10','2020-05-08 19:00:00'),
		('4','52','2020-05-01 10:10:10','2020-05-08 19:00:00'),
		('4','53','2020-05-01 10:10:10','2020-05-08 19:00:00'),
		('4','54','2020-05-01 10:10:10','2020-05-08 19:00:00'),
		('4','62','2020-05-01 10:10:10','2020-05-08 11:00:00'),
		('5','29','2020-05-10 09:20:10','2020-05-10 21:00:00'),
		('5','37','2020-05-10 09:20:10','2020-05-10 21:00:00'),
		('5','45','2020-05-10 09:20:10','2020-05-10 21:00:00'),
		('5','48','2020-05-10 09:20:10','2020-05-10 21:00:00'),
		('5','50','2020-05-10 09:20:10','2020-05-10 21:00:00'),
		('5','57','2020-05-10 09:20:10','2020-05-10 21:00:00'),
		('5','58','2020-05-10 09:20:10','2020-05-10 21:00:00'),
		('5','59','2020-05-10 09:20:10','2020-05-10 21:00:00'),
		('5','60','2020-05-10 09:20:10','2020-05-10 21:00:00'),
		('5','61','2020-05-10 09:20:10','2020-05-10 21:00:00'),
		('6','4','2020-05-01 13:43:10','2020-05-07 10:00:00'),
		('6','62','2020-05-01 13:43:10','2020-05-07 11:00:00'),
		('6','66','2020-05-01 13:43:10','2020-05-07 10:10:00'),
		('7','4','2020-05-02 10:00:00','2020-05-06 10:00:00'),
		('7','62','2020-05-02 10:00:00','2020-05-06 11:00:00'),
		('7','66','2020-05-02 10:00:00','2020-05-06 10:10:00'),
		('8','4','2020-05-02 10:20:00','2020-05-05 10:00:00'),
		('8','62','2020-05-02 10:20:00','2020-05-05 11:00:00'),
		('8','66','2020-05-02 10:20:00','2020-05-05 10:10:00'),
		('8','28','2020-05-02 10:20:10','2020-05-04 23:59:59'),
		('8','44','2020-05-02 10:20:10','2020-05-04 23:59:59'),
		('8','55','2020-05-02 10:20:10','2020-05-04 23:59:59'),
		('8','56','2020-05-02 10:20:10','2020-05-04 23:59:59'),
		('9','21','2020-06-01 10:20:10','2020-06-06 10:00:00'),
		('9','27','2020-06-01 10:20:10','2020-06-06 19:00:00'),
		('9','35','2020-06-01 10:20:10','2020-06-06 19:00:00'),
		('9','42','2020-06-01 10:20:10','2020-06-06 19:00:00'),
		('9','43','2020-06-01 10:20:10','2020-06-06 19:00:00'),
		('9','46','2020-06-01 10:20:10','2020-06-06 19:00:00'),
		('9','47','2020-06-01 10:20:10','2020-06-06 19:00:00'),
		('9','51','2020-06-01 10:20:10','2020-06-06 19:00:00'),
		('9','52','2020-06-01 10:20:10','2020-06-06 19:00:00'),
		('9','53','2020-06-01 10:20:10','2020-06-06 19:00:00'),
		('9','54','2020-06-01 10:20:10','2020-06-06 19:00:00'),
		('9','64','2020-06-01 10:20:10','2020-06-06 10:10:00'),
		('10','21','2020-06-01 10:20:10','2020-06-06 10:00:00'),
		('10','64','2020-06-01 10:20:10','2020-06-06 10:10:00');
        
 INSERT INTO hotel_gnd.provide(service_id,areas_id)
 VALUES('1','10'),
	   ('1','11'),
	   ('1','12'),
	   ('1','14'),
	   ('1','15'),
	   ('1','17'),
	   ('1','18'),
	   ('1','19'),
	   ('1','20'),
	   ('1','22'),
	   ('1','23'),
	   ('1','24'),
	   ('1','25'),
	   ('2','13'),
	   ('2','16'),
	   ('2','21'),
	   ('3','6'),
	   ('3','7'),
	   ('3','8'),
	   ('4','9'),
	   ('5','1'),
	   ('5','2'),
	   ('5','3'),
	   ('5','5'),
	   ('6','4'),
	   ('7','30'),
	   ('7','34'),
	   ('7','39'),
	   ('7','40'),
	   ('8','62'),
	   ('8','63'),
	   ('8','64'),
	   ('8','65'),
	   ('8','66'),
	   ('9','27'),
	   ('9','35'),
	   ('9','42'),
	   ('9','43'),
	   ('9','46'),
	   ('9','47'),
	   ('9','51'),
	   ('9','52'),
	   ('9','53'),
	   ('9','54'),
	   ('10','28'),
	   ('10','44'),
	   ('10','55'),
	   ('10','56'),
	   ('11','29'),
	   ('11','37'),
	   ('11','45'),
	   ('11','48'),
	   ('11','50'),
	   ('11','57'),
	   ('11','58'),
	   ('11','59'),
	   ('11','60'),
	   ('11','61'),
	   ('12','31'),
	   ('12','32'),
	   ('12','33'),
	   ('12','38'),
	   ('12','41'),
	   ('12','49'),
	   ('13','36'),
	   ('14','26');
       
 INSERT INTO hotel_gnd.services_registration(service_reg_id)
 VALUES('1'),
	   ('2'),
	   ('3'),
	   ('4'),
	   ('5'),
	   ('6'),
	   ('8'),
	   ('9'),
	   ('10'),
	   ('11');

 INSERT INTO hotel_gnd.services_no_registration(service_reg_id)
 VALUES('7'),
	   ('12'),
	   ('13'),
	   ('14');
       
 INSERT INTO hotel_gnd.register_in_services(customer_id,service_id,Registration_Date_Time)
 VALUES('1','5','2020-05-09 09:41:00'),
	   ('1','10','2020-05-09 09:42:20'),
	   ('1','11','2020-05-09 09:43:20'),
	   ('1','8','2020-05-09 09:44:20'),
	   ('2','5','2020-05-09 09:46:20'),
	   ('2','11','2020-05-09 09:47:20'),
       ('2','8','2020-05-09 09:50:00'),
	   ('3','5','2020-05-09 09:48:20'),
	   ('3','11','2020-05-09 09:49:20'),
       ('3','8','2020-05-09 09:51:20'),
	   ('4','3','2020-05-01 09:51:20'),
       ('4','8','2020-05-01 09:52:20'),
	   ('5','11','2020-05-10 09:11:20'),
	   ('6','6','2020-05-01 13:32:20'),
       ('6','8','2020-05-01 13:33:20'),
	   ('7','6','2020-05-02 09:51:20'),
       ('7','8','2020-05-02 09:52:20'),
	   ('8','6','2020-05-02 10:01:20'),
	   ('8','10','2020-05-02 10:03:20'),
	   ('9','2','2020-06-01 10:02:00'),
       ('9','8','2020-06-01 10:04:20'),
	   ('9','9','2020-06-01 10:03:20'),
       ('10','8','2020-06-01 10:05:20');
       
INSERT INTO hotel_gnd.use_services(customer_id,service_id,Charge_Date_Time,Charge_Description,Charge_Amount)
VALUES  ('1','5','2020-05-09 09:45:00','Room_Expenses','500,00'),
	    ('1','10','2020-05-09 09:45:30','Gym_Reg','30,00'),
		('1','11','2020-05-09 09:46:00','WorkHall_Use','30,00'),
		('1','12','2020-05-10 01:15:00','Bar','250,40'),
		('1','12','2020-05-11 03:30:00','Bar','100,00'),
		('1','7','2020-05-11 11:32:00','Restaurant','20,50'),
		('2','5','2020-05-09 10:00:00','Room_Expenses','300,00'),
		('2','11','2020-05-09 10:00:30','WorkHall_Use','30,00'),
		('2','12','2020-05-10 00:15:00','Bar','20,50'),
		('2','7','2020-05-10 14:52:00','Restaurant','50,70'),
		('2','12','2020-05-11 17:30:00','Bar','33,00'),
		('2','12','2020-05-12 23:32:00','Bar','23,00'),
		('2','7','2020-05-13 15:02:00','Restaurant','30,00'),
		('3','5','2020-05-09 10:01:00','Room_Expenses','300,00'),
		('3','11','2020-05-09 10:01:30','WorkHall_Use','30,00'),
		('3','12','2020-05-10 01:16:00','Bar','12,00'),
		('3','7','2020-05-10 14:53:00','Restaurant','32,00'),
		('3','7','2020-05-11 11:30:00','Restaurant','22,30'),
		('3','7','2020-05-11 21:32:00','Restaurant','42,00'),
		('3','13','2020-05-12 16:00:00','Hair_Sallon','50,00'),
		('3','12','2020-05-13 23:32:00','Bar','40,00'),
		('4','3','2020-05-01 10:02:00','Room_Expenses','100,00'),
		('4','9','2020-05-01 10:02:30','Sauna','50,00'),
		('4','7','2020-05-02 16:02:00','Restaurant','40,00'),
		('4','7','2020-05-03 12:14:00','Restaurant','40,00'),
		('4','7','2020-05-04 13:14:00','Restaurant','40,00'),
		('4','7','2020-05-05 16:52:00','Restaurant','40,00'),
		('4','12','2020-05-07 01:15:00','Bar','20,00'),
		('4','7','2020-05-08 15:00:00','Restaurant','40,00'),
		('5','11','2020-05-10 09:20:00','WorkHall_Use','30,00'),
		('5','7','2020-05-10 14:54:00','Restaurant','20,50'),
		('6','6','2020-05-01 13:35:00','Room_Expenses','1500,00'),
		('6','12','2020-05-01 23:50:00','Bar','50,00'),
		('6','7','2020-05-02 15:50:00','Restaurant','50,40'),
		('6','12','2020-05-03 20:50:00','Bar','50,00'),
		('6','7','2020-05-02 15:54:00','Restaurant','30,70'),
		('6','7','2020-05-05 14:30:00','Restaurant','20,80'),
		('6','12','2020-05-05 03:50:00','Bar','500,00'),
		('6','7','2020-05-06 18:37:00','Restaurant','33,50'),
		('7','6','2020-05-02 09:55:00','Room_Expenses','1200,00'),
		('7','12','2020-05-02 23:51:00','Bar','100,00'),
		('7','7','2020-05-03 15:51:00','Restaurant','52,50'),
		('7','12','2020-05-03 20:51:00','Bar','100,00'),
		('7','7','2020-05-04 15:50:30','Restaurant','80,00'),
		('7','7','2020-05-05 14:30:20','Restaurant','105,30'),
		('7','12','2020-05-05 03:51:00','Bar','500,00'),
		('8','6','2020-05-02 10:01:00','Room_Expenses','1000,00'),
		('8','10','2020-05-02 10:02:00','Gym_Reg','50,00'),
		('8','12','2020-05-03 20:30:45','Bar','220,00'),
		('9','2','2020-06-01 10:05:00','Room_Expenses','120,00'),
		('9','9','2020-06-01 10:05:30','Sauna','100,00'),
		('9','7','2020-06-03 16:23:00','Restaurant','215,00'),
		('9','7','2020-06-05 16:23:00','Restaurant','140,35'),
		('10','13','2020-06-02 11:23:32','Hair_Sallon','15,00'),
		('10','7','2020-06-03 16:23:10','Restaurant','20,00'),
		('10','7','2020-06-04 12:23:31','Restaurant','8,50'),
		('10','7','2020-06-05 16:24:00','Restaurant','10,40');