INSERT INTO `supermarket`.`stores` (`id`,`opening_hour`, `closing_hour`, `address_number`, `address_street`, `address_postal_code`, `city`, `square_meters`) 
VALUES 	('1', '8:00', '21:00', '135', 'Κηφισίας', 15500, 'Αθήνα',  '200'),		
		('2', '8:00', '21:00', '40', 'Σούτσου', '15500', 'Αθήνα', '150'),
		('3', '8:00', '21:00', '145', 'Παπαδιαμαντοπούλου', '15500', 'Αθήνα', '135'),
		('4', '8:00', '21:00', '7', 'Γ.Παπανδρέου', '15500', 'Αθήνα', '170'),
		('5', '8:00', '21:00', '120', 'Μιχαλακοπούλου', '15500', 'Αθήνα', '170'),
		('6', '8:00', '21:00', '122', 'Στρατάρχου Παπάγου', '15500', 'Αθήνα', '220'),
		('7', '8:00', '21:00', '23', 'Φορμίωνος', '15500', 'Αθήνα', '117'),
		('8', '8:00', '21:00', '68', 'Λέλας Καραγιάννη', '15500', 'Αθήνα', '100'),
		('9', '8:00', '21:00', '208', 'Μεσογείων', '15500', 'Αθήνα', '250'),
		('10', '8:00', '21:00', '152', 'Τράλλεων', '15500', 'Αθήνα', '130');

INSERT INTO `supermarket`.`categories`(`id`, `name`)
VALUES	('1', 'fresh_products'),
        ('2','frigde_items'),
        ('3','drinks'),
        ('4','personal_care'),
        ('5','home'),
        ('6', 'pet_products');

INSERT INTO `supermarket`.`products` (`id`, `tag`, `name`, `category_id`, `price`) 
VALUES 	('1', '0', 'PINK GRAPEFRUIT', '3', '2.75'),
		('2', '1', 'ΑΝΑΨΥΚΤΙΚΟ COLA', '3', '0.60'),
        ('3', '0', 'ΒΑΦΗ ΜΑΛΛΙΩΝ', '4', '7.50'),
        ('4', '0', 'ΣΤΟΜΑΤΙΚΟ ΔΙΑΛΥΜΑ', '4', '3.60'),
        ('5', '0', 'ΣΑΜΠΟΥΑΝ', '4', '3.60'),
        ('6', '1', 'ΒΟΕΙΟ ΠΟΝΤΙΚΙ', '1', '5.29'),
        ('7', '1', 'ΣΝΙΤΣΕΛ ΚΟΤΟΠΟΥΛΟΥ', '1', '7.29'),
        ('8', '0', 'ΚΑΡΥΔΕΣ', '1', '4.95'),
        ('9', '0', 'ΚΟΥΠΑ', '5', '3.40'),
        ('10', '0', 'ΜΑΧΑΙΡΙ', '5', '2.90'),
        ('11', '0', 'ΧΑΡΤΟΠΕΤΣΕΤΕΣ', '5', '0.90'),
        ('12', '0', 'ΓΑΤΟΤΡΟΦΗ', '6', '3.50'),
        ('13', '0', 'ΑΠΟΣΜΗΤΙΚΟ ΧΩΡΟΥ', '5', '2.90'),
        ('14', '0', 'ΑΠΟΣΜΗΤΙΚΟ', '4', '3.90'),
        ('15', '0', 'ΚΑΛΑΜΑΡΑΚΙΑ', '2', '6.80'),
        ('16', '0', 'ΠΙΤΣΑ', '2', '6.80'),
        ('17', '1', 'ΜΠΑΝΑΝΕΣ', '1', '1.30'),
        ('18', '1', 'ΠΡΑΣΣΟ', '1', '0.95'),
        ('19', '0', 'ΣΚΥΛΟΤΡΟΦΗ', '6', '3.50'),
        ('20', '0', 'ΠΑΙΧΝΙΔΙΑ ΖΩΩΝ', '6', '1.50'),
        ('21', '0', 'ΚΡΟΚΕΤΕΣ', '6', '3.50'),
        ('22', '1', 'ΧΑΡΤΙ ΚΟΥΖΙΝΑΣ', '5', '2.99'),
        ('23', '1', 'ΧΥΜΟΣ', '3', '1.15'),
        ('24', '0', 'ΒΟΤΚΑ', '3', '19.75'),
        ('25', '0', 'ΖΥΜΙ', '2', '2.49'),
        ('26', '1', 'ΑΛΛΑΝΤΙΚΑ', '2', '2.80'),
        ('27', '1', 'ΦΡΕΣΚΟ ΓΑΛΑ', '2', '1.28'),
        ('28', '0', 'ΜΠΡΙΤΖΟΛΕΣ', '1', '5.59'),
        ('29', '0', 'ΝΤΟΜΑΤΕΣ', '1', '1.40'),
        ('30', '0', 'ΨΩΜΙ ΤΟΣΤ', '1', '1.40'),
        ('31', '0', 'ΚΑΤΣΑΡΟΛΑ', '5', '70.00'),
        ('32', '1', 'ΣΑΚΟΥΛΕΣ ΑΠΟΡΡΙΜΜΑΤΩΝ', '5', '1.30'),
        ('33', '0', 'ΑΡΩΜΑΤΑ', '4', '11.60'),
        ('34', '0', 'ΜΠΑΤΟΝΕΤΕΣ', '4', '0.99'),
        ('35', '0', 'ΟΔΟΝΤΟΒΟΥΤΣΑ', '4', '1.20'),
        ('36', '0', 'ΞΥΡΙΣΤΙΚΑ', '4', '0.75'),
        ('37', '0', 'ΑΦΡΟΣ ΜΑΛΛΙΩΝ', '4', '2.75'),
        ('38', '0', 'ΤΣΑΪ', '3', '1.65'),
        ('39', '1', 'ΚΡΑΣΙ', '3', '8.95'),
        ('40', '0', 'ΝΕΡΟ', '3', '0.15'),
        ('41', '0', 'ΒΟΥΤΥΡΟ', '2', '2.40'),
        ('42', '1', 'ΚΡΕΜΑ ΓΑΛΑΚΤΟΣ', '2', '1.80'),
        ('43', '0', 'ΑΜΜΟΣ ΥΓΙΕΙΝΗΣ', '6', '5.50'),
        ('44', '1', 'ΓΙΑΟΥΡΤΙ', '2', '3.00'),
        ('45', '0', 'ΣΤΑΦΥΛΙΑ', '1', '2.19'),
        ('46', '1', 'ΕΤΟΙΜΕΣ ΣΑΛΑΤΕΣ', '1', '2.19'),
        ('47', '0', 'ΠΑΤΑΤΕΣ', '1', '0.65'),
        ('48', '0', 'ΟΔΟΝΤΟΚΡΕΜΑ', '4', '2.35'),
        ('49', '0', 'ΑΠΟΡΡΥΠΑΝΤΙΚΟ', '5', '7.99'),
        ('50', '0', 'ΛΟΥΚΑΝΙΚΑ', '1', '6.00');


INSERT INTO `supermarket`.`customers` (`id`, `first_name`, `last_name`, `birth_date`, `address_number`, `address_street`, `address_postal_code`, `city`, `number_of_kids`, `marital_status_id`) 
VALUES  ('1', 'Λυδία', 'Αλεξίου', '1971-08-06', '60', 'Παπάγου', '15500', 'Αθήνα', '3', '1'),
        ('2', 'Κώστας', 'Αλαφούζος', '1990-02-27', '15', 'Παπαδιαμαντοπούλου', '15500', 'Αθήνα', '2', '1'),
        ('3', 'Μαρία', 'Γαλάνη', '1968-08-28', '130', 'Κατεχάκη', '15500', 'Αθήνα', '0', '3'),
        ('4', 'Ελένη', 'Διαμαντή', '1995-10-13', '5', 'Δροσοπούλου', '15500', 'Αθήνα', '1', '4'),
        ('5', 'Νίκος', 'Λειβαδίτης', '1954-02-10', '29', 'Υμμητού', '15500', 'Αθήνα', '5', '1'),
        ('6', 'Δέσποινα', 'Νάκου', '1992-06-05', '2', 'Μυκόνου', '15500', 'Αθήνα', '1', '2'),
        ('7', 'Ασημάκης', 'Ζαΐμης', '1996-05-29', '7', 'Ευρυτανίας', '15500', 'Αθήνα', '0', '3'),
        ('8', 'Ανδρέας', 'Κούκουνας', '1973-07-07', '235', 'Μεσογείων', '15500', 'Αθήνα', '2', '4'),
        ('9', 'Αναστασία', 'Κριθαρούλα', '1990-03-17', '68', 'Πανόρμου', '15500', 'Αθήνα', '3', '1'),
        ('10', 'Μήτσος', 'Μπελέχας', '1982-01-11', '71 ', 'Πατησίων', '15500', 'Αθήνα', '1', '1')
        ('11', 'Ντόνα', 'Κάντζαρη', '1997-05-07', '55', 'Φοίνικος', '15500', 'Αθήνa', '1', '2'),
        ('12', 'Αλέξης', 'Τζέμης', '1888-09-02', '69', 'Ευρυτανίας', '15500', 'Αθήνa', '2', '1'),
        ('13', 'Βάσω', 'Καλφάογλου', '1970-11-29', '17', 'Λαμίας', '15500', 'Αθήνa', '1', '4'),
        ('14', 'Μαρία', 'Κωνσταντίνου', '1965-12-27', '47', 'Κωνσταντινουπόλεως', '15500', 'Αθήνa', '1', '3'),
        ('15', 'Αλέξης', 'Αλεξίου', '2000-01-01', '42', 'Πειραιώς', '15500', 'Αθήνa', '0', '3'),
        ('16', 'Αναστασία', 'Μάρκου', '1999-03-09', '16', 'Αλεξάνδρας', '15500', 'Αθήνa', '0', '3');



INSERT INTO `supermarket`.`cards` (`id`, `customer_id`, `points`, `gift_cards`) 
VALUES ('4005796600', '1', '58', '2'),
       ('9290723602', '3', '12', '0'),
       ('0668311802', '4', '35', '1'),
       ('7062590979', '5', '90', '1'),
       ('9225686627', '6', '110', '0'),
       ('3560952298', '7', '82', '2'),
       ('9584401504', '8', '31', '1'),
       ('2506790973', '10', '5', '1'),
       ('3942628513', '12', '28', '0'),
       ('3481963480', '13', '130', '1'),
       ('2315677856', '15', '122', '0'),
       ('9650263729', '2', '78', '2');






INSERT INTO `supermarket`.`email_customer` (`email_id`, `customer_id`) 
VALUES  ('lydia@uol.gr', '1'),
        ('lydiaal@myspace.com', '1'),
        ('alaf@gmail.gr', '2'),
        ('margal@instagram.com', '3'),
        ('diamond@gmail.com', '4'),
        ('elendiamant@yahoo.com', '4'),
        ('nikoslei@opera.com', '5'),
        ('levad@yahoo.com', '5'),
        ('despoi@yahoo.com', '6'),
        ('asimakis@gmail.com', '7'),
        ('kouka@yahoo.com', '8'),
        ('krith@gmail.com', '9'),
        ('tsosmh@yahoo.com', '10'),
        ('ntona@uol.gr', '11'),
        ('kant@myspace.com', '11'),
        ('alex@gmail.gr', '12'),
        ('kalfaoglou@instagram.com', '13'),
        ('mariakons@gmail.com', '14'),
        ('konstantinoumaria@yahoo.com', '14'),
        ('alexiou@yahoo.com', '15'),
        ('anamark@yahoo.com', '16');


INSERT INTO `supermarket`.`email_store` (`email_id`, `customer_id`) 
VALUES  ('store_kifisias@3A.gr', '1'),
        ('head_office@myspace.com', '1'),
        ('store_soutsou@3A.gr', '2'),
        ('store_papadiamantopoulou@3A.com', '3'),
        ('store_papandreou@3A.com', '4'),
        ('recruitment_office@linkedin.com', '4'),
        ('store_michalakopoulou@3A.com', '5'),
        ('store_papagou@3A.com', '6'),
        ('store_formionos@3A.com', '7'),
        ('store_lelas@3A.com', '8'),
        ('store_mesogeion@3A.com', '9'),
        ('import_office@gmail.com', '9'),
        ('store_tralleon@3A.com', '10');        

INSERT INTO `supermarket`.`payment_methods` (`id`, `method`) 
VALUES  ('1', 'cash'),
        ('2', 'credit card'),
        ('3', 'coupons');


INSERT INTO `supermarket`.`phone_customer` (`phone_id`, `customer_id`) 
VALUES  ('6950255012', '1'),
        ('2107636621', '2'),
        ('6994804889', '2'),
        ('6946956297', '3'),
        ('6949214230', '4'),
        ('6990985570', '5'),
        ('6978352564', '6'),
        ('6915715703', '7'),
        ('2102742987', '΄7'),
        ('6961381384', '8'),
        ('6931020501', '9'),
        ('2104250572', '9'),
        ('6909923945', '10'),
        ('6998624533', '11'),
        ('2109817466', '12'),
        ('6988623541', '13'),
        ('6920096332', '14'),
        ('6971525563', '15'),
        ('6988995421', '16');

INSERT INTO `supermarket`.`phone_store` (`phone_id`, `store_id`) 
VALUES  ('2101989178', '1'),
        ('2107771080', '1'),
        ('2108409969', '2'),
        ('2105553285', '3'),
        ('2108439229', '4'),
        ('2109710519', '4'),
        ('2106935636', '5'),
        ('2108251115', '6'),
        ('2105987188', '7'),
        ('2105911115', '8'),
        ('2101937208', '9'),
        ('2102434584', '9'),
        ('2108380161', '10');    

INSERT INTO `supermarket`.`store_categories` (`store_id`, `category_id`) 
VALUES  ('1', '1'),
        ('1', '2'),
        ('1', '3'),
        ('1', '4'),
        ('1', '5'),
        ('1', '6'),
        ('2', '1'),
        ('2', '2'),
        ('2', '3'),
        ('2', '4'),
        ('2', '5'),
        ('3', '1'),
        ('3', '2'),
        ('3', '3'),
        ('3', '4'),
        ('3', '6'),
        ('4', '1'),
        ('4', '2'),
        ('4', '3'),
        ('4', '4'),
        ('4', '5'),
        ('4', '6'),
        ('5', '1'),
        ('5', '2'),
        ('5', '3'),
        ('5', '4'),
        ('5', '5'),
        ('5', '6'),
        ('6', '1'),
        ('6', '2'),
        ('6', '3'),
        ('6', '4'),
        ('6', '6'),
        ('7', '1'),
        ('7', '2'),
        ('7', '3'),
        ('7', '4'),
        ('7', '5'),
        ('8', '1'),
        ('8', '2'),
        ('8', '3'),
        ('8', '4'),
        ('9', '1'),
        ('9', '2'),
        ('9', '3'),
        ('9', '4'),
        ('9', '5'),
        ('9', '6'),
        ('10', '1'),
        ('10', '2'),
        ('10', '3'),
        ('10', '4');

INSERT INTO `supermarket`.`store_products` (`shelf`, `corridor`, `price`, `product_id`, `store_id`) 
VALUES  ('7', '1', '7', '1'),
        ('1', '1', '17', '1'),
        ('2', '1', '18', '1'),
        ('3', '1', '29', '1'),
        ('4', '1', '30', '1'),
        ('5', '1', '46', '1'),
        ('8', '1', '50', '1'),
        ('6', '1', '28', '1'),
        ('1', '2', '16', '1'),
        ('3', '2', '25', '1'),
        ('4', '2', '26', '1'),
        ('5', '2', '27', '1'),
        ('6', '2', '44', '1'),
        ('1', '3', '1', '1'),
        ('2', '3', '2', '1'),
        ('3', '3', '24', '1'),
        ('4', '3', '39', '1'),
        ('5', '3', '40', '1'),
        ('6', '3', '23', '1'),
        ('7', '3', '38', '1'),
        ('1', '4', '3', '1'),
        ('2', '4', '5', '1'),
        ('3', '4', '14', '1'),
        ('4', '4', '33', '1'),
        ('5', '4', '35', '1'),
        ('6', '4', '37', '1'),
        ('7', '4', '48', '1'),
        ('1', '5', '9', '1'),
        ('2', '5', '11', '1'),
        ('3', '5', '22', '1'),
        ('4', '5', '31', '1'),
        ('5', '5', '32', '1'),
        ('6', '5', '49', '1'),
        ('1', '6', '12', '1'),
        ('2', '6', '19', '1'),
        ('3','6','43', '1');


INSERT INTO `supermarket`.`store_products` (`shelf`, `corridor`, `price`, `product_id`, `store_id`) 
VALUES  ('1', '1', '7', '2'),
        ('2', '1', '8', '2'),
        ('3', '1', '29', '2'),
        ('4', '1', '30', '2'),
        ('5', '1', '45', '2'),
        ('6', '1', '50', '2'),
        ('7', '1', '47', '2'),
        ('1', '2', '15', '2'),
        ('2', '2', '25', '2'),
        ('3', '2', '41', '2'),
        ('4', '2', '42', '2'),
        ('1', '3', '1', '2'),
        ('2', '3', '23', '2'),
        ('3', '3', '24', '2'),
        ('4', '3', '39', '2'),
        ('5', '3', '40', '2'),
        ('1', '4', '3', '2'),
        ('2', '4', '4', '2'),
        ('3', '4', '14', '2'),
        ('4', '4', '34', '2'),
        ('5', '4', '35', '2'),
        ('6', '4', '36', '2'),
        ('1', '5', '9', '2'),
        ('2', '5', '13', '2'),
        ('3', '5', '49', '2'),
        ('4', '5', '31', '2'),
        ('5', '5', '32', '2');

INSERT INTO `supermarket`.`store_products` (`shelf`, `corridor`, `price`, `product_id`, `store_id`) 
VALUES  ('1', '1', '7', '3'),
        ('2', '1', '8', '3'),
        ('3', '1', '18', '3'),
        ('4', '1', '50', '3'),
        ('5', '1', '28', '3'),
        ('6', '1', '29', '3'),
        ('7', '1', '45', '3'),
        ('1', '2', '16', '3'),
        ('2', '2', '15', '3'),
        ('3', '2', '26', '3'),
        ('4', '2', '27', '3'),
        ('5', '2', '42', '3'),
        ('1', '3', '23', '3'),
        ('2', '3', '2', '3'),
        ('4', '3', '39', '3'),
        ('5', '3', '40', '3'),
        ('1', '4', '4', '3'),
        ('2', '4', '5', '3'),
        ('3', '4', '34', '3'),
        ('4', '4', '33', '3'),
        ('5', '4', '35', '3'),
        ('6', '4', '37', '3'),
        ('7', '4', '36', '3'),
        ('1', '5', '21', '3'),
        ('2', '5', '20', '3'),
        ('3', '5', '43', '3');


INSERT INTO `supermarket`.`store_products` (`shelf`, `corridor`, `price`, `product_id`, `store_id`) 
VALUES  ('7', '1', '6', '4'),
        ('1', '1', '17', '4'),
        ('2', '1', '8', '4'),
        ('3', '1', '29', '4'),
        ('4', '1', '30', '4'),
        ('5', '1', '46', '4'),
        ('8', '1', '50', '4'),
        ('9', '1', '45', '4'),
        ('6', '1', '47', '4'),
        ('1', '2', '16', '4'),
        ('2', '2', '15', '4'),
        ('3', '2', '26', '4'),
        ('4', '2', '27', '4'),
        ('5', '2', '41', '4'),
        ('6', '2', '44', '4'),        
        ('1', '3', '1', '4'),
        ('2', '3', '2', '4'),
        ('3', '3', '24', '4'),
        ('4', '3', '39', '4'),
        ('5', '3', '23', '4'),
        ('6', '3', '38', '4'),
        ('1', '4', '3', '4'),
        ('2', '4', '4', '4'),
        ('3', '4', '14', '4'),
        ('4', '4', '34', '4'),
        ('5', '4', '35', '4'),
        ('6', '4', '36', '4'),
        ('7', '4', '48', '4'),
        ('1', '5', '9', '4'),
        ('2', '5', '10', '4'),
        ('3', '5', '13', '4'),
        ('4', '5', '31', '4'),
        ('5', '5', '32', '4'),
        ('6', '5', '49', '4'),
        ('1', '6', '12', '4'),
        ('2', '6', '19', '4'),
        ('3 ', '6','43', '4'),
        ('4', '6', '21', '4');


INSERT INTO `supermarket`.`store_products` (`shelf`, `corridor`, `price`, `product_id`, `store_id`) 
VALUES  ('7', '1', '7', '5'),
        ('1', '1', '6', '5'),
        ('2', '1', '17', '5'),
        ('3', '1', '29', '5'),
        ('4', '1', '30', '5'),
        ('5', '1', '45', '5'),
        ('6', '1', '47', '5'),
        ('1', '2', '15', '5'),
        ('2', '2', '25', '5'),
        ('3', '2', '26', '5'),
        ('4', '2', '41', '5'),
        ('5', '2', '44', '5'),
        ('1', '3', '1', '5'),
        ('2', '3', '2', '5'),
        ('3', '3', '24', '5'),
        ('4', '3', '39', '5'),
        ('5', '3', '40', '5'),
        ('6', '3', '23', '5'),
        ('1', '4', '3', '5'),
        ('2', '4', '5', '5'),
        ('3', '4', '4', '5'),
        ('4', '4', '33', '5'),
        ('5', '4', '35', '5'),
        ('6', '4', '37', '5'),
        ('7', '4', '48', '5'),
        ('1', '5', '9', '5'),
        ('2', '5', '10', '5'),
        ('3', '5', '22', '5'),
        ('4', '5', '11', '5'),
        ('5', '5', '32', '5'),
        ('6', '5', '49', '5'),
        ('1', '6', '12', '5'),
        ('2', '6', '19', '5'),
        ('3 ', '6','20', '5');


INSERT INTO `supermarket`.`store_products` (`shelf`, `corridor`, `price`, `product_id`, `store_id`) 
VALUES  ('7', '1', '6', '6'),
        ('1', '1', '17', '6'),
        ('2', '1', '28', '6'),
        ('3', '1', '29', '6'),
        ('4', '1', '30', '6'),
        ('5', '1', '46', '6'),
        ('8', '1', '50', '6'),
        ('6', '1', '47', '6'),
        ('1', '2', '16', '6'),
        ('2', '2', '25', '6'),
        ('3', '2', '26', '6'),
        ('4', '2', '27', '6'),
        ('5', '2', '44', '6'),
        ('1', '3', '1', '6'),
        ('2', '3', '2', '6'),
        ('3', '3', '24', '6'),
        ('4', '3', '39', '6'),
        ('5', '3', '40', '6'),
        ('6', '3', '23', '6'),
        ('7', '3', '38', '6'),
        ('1', '4', '3', '6'),
        ('2', '4', '5', '6'),
        ('3', '4', '14', '6'),
        ('4', '4', '33', '6'),
        ('5', '4', '36', '6'),
        ('6', '4', '37', '6'),
        ('7', '4', '48', '6'),
        ('1', '5', '12', '6'),
        ('2', '5', '19', '6'),
        ('3 ', '5','43', '6'),
        ('4', '5', '20', '6');


INSERT INTO `supermarket`.`store_products` (`shelf`, `corridor`, `price`, `product_id`, `store_id`) 
VALUES  ('7', '1', '7', '7'),
        ('1', '1', '17', '7'),
        ('2', '1', '8', '7'),
        ('3', '1', '29', '7'),
        ('4', '1', '30', '7'),
        ('5', '1', '46', '7'),
        ('8', '1', '28', '7'),
        ('6', '1', '47', '7'),
        ('1', '2', '16', '7'),
        ('2', '2', '15', '7'),
        ('3', '2', '26', '7'),
        ('4', '2', '27', '7'),
        ('5', '2', '42', '7'),
        ('1', '3', '1', '7'),
        ('2', '3', '2', '7'),
        ('3', '3', '24', '7'),
        ('4', '3', '39', '7'),
        ('6', '3', '23', '7'),
        ('5', '3', '38', '7'),
        ('1', '4', '3', '7'),
        ('2', '4', '5', '7'),
        ('3', '4', '14', '7'),
        ('4', '4', '33', '7'),
        ('5', '4', '34', '7'),
        ('6', '4', '37', '7'),
        ('1', '5', '10', '7'),
        ('2', '5', '11', '7'),
        ('3', '5', '22', '7'),
        ('4', '5', '31', '7'),
        ('5', '5', '32', '7'),
        ('6', '5', '49', '7');

INSERT INTO `supermarket`.`store_products` (`shelf`, `corridor`, `price`, `product_id`, `store_id`) 
VALUES  ('7', '1', '7', '8'),
        ('1', '1', '6', '8'),
        ('2', '1', '18', '8'),
        ('3', '1', '29', '8'),
        ('4', '1', '30', '8'),
        ('5', '1', '46', '8'),
        ('8', '1', '50', '8'),
        ('6', '1', '28', '8'),
        ('1', '2', '16', '8'),
        ('2', '2', '25', '8'),
        ('3', '2', '41', '8'),
        ('4', '2', '42', '8'),
        ('5', '2', '44', '8'),
        ('1', '3', '1', '8'),
        ('2', '3', '2', '8'),
        ('3', '3', '24', '8'),
        ('4', '3', '39', '8'),
        ('5', '3', '40', '8'),
        ('6', '3', '23', '8'),
        ('1', '4', '3', '8'),
        ('2', '4', '4', '8'),
        ('3', '4', '14', '8'),
        ('4', '4', '34', '8'),
        ('5', '4', '36', '8'),
        ('6', '4', '37', '8'),
        ('7', '4', '48', '8');


INSERT INTO `supermarket`.`store_products` (`shelf`, `corridor`, `price`, `product_id`, `store_id`) 
VALUES  ('7', '1', '7', '9'),
        ('10', '1', '6', '9'),
        ('1', '1', '17', '9'),
        ('2', '1', '18', '9'),
        ('3', '1', '29', '9'),
        ('4', '1', '30', '9'),
        ('5', '1', '46', '9'),
        ('8', '1', '50', '9'),
        ('9', '1', '28', '9'),
        ('6', '1', '47', '9'),
        ('1', '2', '16', '9'),
        ('2', '2', '25', '9'),
        ('3', '2', '26', '9'),
        ('4', '2', '27', '9'),
        ('5', '2', '44', '9'),
        ('6', '2', '41', '9'),
        ('1', '3', '1', '9'),
        ('2', '3', '2', '9'),
        ('3', '3', '24', '9'),
        ('4', '3', '39', '9'),
        ('5', '3', '23', '9'),
        ('6', '3', '38', '9'),
        ('1', '4', '3', '9'),
        ('1', '4', '4', '9'),
        ('2', '4', '5', '9'),
        ('3', '4', '14', '9'),
        ('4', '4', '33', '9'),
        ('5', '4', '35', '9'),
        ('6', '4', '37', '9'),
        ('7', '4', '48', '9'),
        ('1', '5', '10', '9'),
        ('2', '5', '11', '9'),
        ('3', '5', '22', '9'),
        ('4', '5', '31', '9'),
        ('5', '5', '32', '9'),
        ('6', '5', '49', '9'),
        ('1', '6', '12', '9'),
        ('2', '6', '19', '9'),
        ('3 ', '6', '43', '9'),
        ('4 ', '6', '21', '9');



INSERT INTO `supermarket`.`store_products` (`shelf`, `corridor`, `price`, `product_id`, `store_id`) 
VALUES  ('7', '1', '7', '10'),
        ('1', '1', '17', '10'),
        ('2', '1', '18', '10'),
        ('3', '1', '29', '10'),
        ('4', '1', '30', '10'),
        ('5', '1', '46', '10'),
        ('8', '1', '28', '10'),
        ('6', '1', '47', '10'),
        ('1', '2', '15', '10'),
        ('2', '2', '25', '10'),
        ('3', '2', '26', '10'),
        ('4', '2', '27', '10'),
        ('5', '2', '44', '10'),
        ('6', '2', '41', '10'),
        ('7', '2', '42', '10'),
        ('1', '3', '1', '10'),
        ('2', '3', '2', '10'),
        ('3', '3', '24', '10'),
        ('4', '3', '39', '10'),
        ('5', '3', '40', '10'),
        ('6', '3', '23', '10'),
        ('7', '3', '38', '10'),
        ('1', '4', '3', '10'),
        ('2', '4', '5', '10'),
        ('3', '4', '14', '10'),
        ('4', '4', '33', '10'),
        ('5', '4', '35', '10'),
        ('6', '4', '36', '10'),
        ('7', '4', '48', '10');



INSERT INTO `supermarket`.`price_history` (`id`, `product_id`, `new_price`, `old_price`, `date`)
VALUES  ('1', '3', '7.50', '8.30', '2020-04-09'),
        ('2', '28', '5.59', '6.49', '2019-12-19'),
        ('3', '31', '70.00', '65.00', '2020-02-02'),
        ('4', '29', '1.40', '1.60', '2019-11-01'),
        ('5', '32', '1.30', '1.49', '2020-06-02'),
        ('6', '13', '2.90', '2.60', '2020-06-02'),
        ('7', '29', '1.09', '1.40', '2020-01-17'),
        ('8', '37', '2.75', '3.19', '2020-03-20'),
        ('9', '15', '6.49', '7.49', '2020-03-22'),
        ('10', '21', '3.50', '2.99', '2019-11-25'),
        ('11', '10', '2.90', '2.19', '2019-10-19'),
        ('12', '27', '1.12', '0.99', '2019-05-15'),
        ('13', '49', '7.99', '8.99', '2019-09-30'),
        ('14', '6', '4.99', '5.99', '2020-03-19'),
        ('15', '6', '5.29', '4.99', '2020-04-05'),
        ('16', '39', '8.95', '9.95', '2020-01-10'),
        ('17', '11', '0.90', '1.10', '2019-10-18'),
        ('18', '28', '6.00', '6.49', '2020-04-21'),   
        ('19', '35', '1.20', '1.50', '2019-12-05'),
        ('20', '29', '0.99', '1.09', '2020-02-28'),
        ('21', '50', '6.10', '6.50', '2019-12-15'),
        ('22', '29', '1.40', '0.99', '2020-04-26'),
        ('23', '27', '1.28', '1.12', '2020-04-03'),
        ('24', '15', '6.80', '6.49', '2020-06-01'),
        ('25', '28', '5.59', '6.00', '2019-11-05'),
        ('26', '41', '2.40', '2.99', '2020-02-29');



INSERT INTO `supermarket`.`transactions` (`id`, `customer_id`, `store_id`, `payment_methods_id`, `date_of_transaction`, `number_of_products`, `total_cost`) 
VALUES  ('1', '2', '1', '1', '2020-05-12 10:52:21', '6', '34.04'),
        ('2', '5', '1', '1', '2020-03-15 17:30:58', '8', '25.40'),
        ('3', '5', '1', '2', '2020-03-02 09:10:05', '5', '87.15'),
        ('4', '1', '2', '2', '2020-06-10 15:05:05', '12', '22.96'),
        ('5', '3', '3', '2', '2020-04-05 20:58:43', '9', '31.13'),
        ('6', '10', '4', '1', '2020-05-30 09:31:15', '11', '40.44'),
        ('7', '9', '4', '1', '2020-06-02 16:48:32', '11', '34.40'),
        ('8', '9', '5', '1', '2020-05-13 19:07:06', '12', '38.92'),
        ('9', '6', '5', '2', '2020-04-29 15:49:00', '15', '102.91'),
        ('10', '5', '6', '1', '2020-06-24 18:30:38', '3', '5.30'),
        ('11', '1', '2', '1', '2020-04-20 08:26:21', '10', '41.98'),
        ('12', '1', '1', '1', '2020-03-15 10:36:58', '8', '18.05'),
        ('13', '1', '1', '2', '2020-05-08 09:10:05', '4', '8.28'),
        ('14', '1', '5', '3', '2020-03-04 17:54:05', '11', '34.87'),
        ('15', '1', '2', '1', '2020-05-08 16:10:43', '2', '6.65'),
        ('16', '1', '4', '2', '2020-05-30 20:48:15', '6', '35.59'),
        ('17', '1', '1', '2', '2020-05-19 12:30:32', '17', '29.50'),
        ('18', '2', '9', '1', '2020-03-12 10:04:06', '14', '37.70'),
        ('19', '2', '9', '1', '2020-06-03 08:48:00', '2', '39.50'),
        ('20', '2', '7', '1', '2020-06-24 09:12:38', '9', '23.65'),
        ('21', '2', '3', '1', '2020-04-23 15:52:21', '3', '12.27'),
        ('22', '2', '3', '1', '2020-05-27 16:26:58', '13', '46.71'),
        ('23', '2', '8', '1', '2020-03-18 13:54:05', '3', '37.65'),
        ('24', '2', '9', '3', '2020-06-10 11:52:05', '10', '27.03'),
        ('25', '3', '10', '2', '2020-04-05 19:12:43', '4', '6.45'),
        ('26', '3', '10', '2', '2020-05-06 20:42:15', '9', '58.24'),
        ('27', '3', '7', '1', '2020-06-02 17:08:32', '11', '87.29'),
        ('28', '3', '3', '1', '2020-05-18 14:42:06', '13', '44.96'),
        ('29', '3', '8', '2', '2020-06-18 16:06:00', '7', '15.57'),
        ('30', '3', '10', '2', '2020-03-03 14:40:38', '8', '7.06'),
        ('31', '4', '9', '2', '2020-04-07 19:02:21', '6', '32.55'),
        ('32', '4', '2', '2', '2020-04-10 20:24:58', '11', '39.34'),
        ('33', '4', '5', '2', '2020-03-02 18:18:05', '9', '35.55'),
        ('34', '4', '2', '2', '2020-06-10 15:46:05', '4', '19.6'),
        ('35', '4', '2', '2', '2020-05-11 20:24:43', '9', '13.45'),
        ('36', '4', '9', '2', '2020-05-30 16:02:15', '7', '77.50'),
        ('37', '4', '6', '3', '2020-05-29 17:26:32', '2', '14.20'),
        ('38', '4', '2', '2', '2020-05-13 10:08:06', '13', '34.20'),
        ('39', '5', '9', '2', '2020-04-01 13:12:00', '8', '12.40'),
        ('40', '5', '9', '2', '2020-05-04 16:12:38', '4', '8.23'),
        ('41', '5', '1', '1', '2020-03-17 19:52:21', '10', '32.23'),
        ('42', '5', '8', '1', '2020-05-18 20:52:58', '6', '26.15'),
        ('43', '5', '8', '2', '2020-03-02 19:08:05', '9', '39.24'),
        ('44', '6', '6', '3', '2020-06-10 10:08:05', '6', '19.74'),
        ('45', '6', '10', '2', '2020-06-02 09:58:43', '7', '27.45'),
        ('46', '6', '5', '1', '2020-05-30 16:50:15', '13', '30.95'),
        ('47', '6', '6', '2', '2020-06-02 08:08:32', '11', '56.90'),
        ('48', '7', '3', '1', '2020-05-14 11:04:06', '7', '17.38'),
        ('49', '7', '1', '1', '2020-03-29 14:42:00', '8', '27.78'),
        ('50', '7', '8', '2', '2020-06-10 17:22:38', '4', '8.15'),
        ('51', '7', '8', '2', '2020-05-12 20:28:21', '12', '31.00'),
        ('52', '8', '4', '2', '2020-06-17 09:32:58', '5', '78.93'),
        ('53', '8', '4', '2', '2020-03-02 11:48:05', '10', '17.07'),
        ('54', '8', '3', '1', '2020-06-10 13:22:05', '6', '35.13'),
        ('55', '8', '7', '2', '2020-04-05 18:56:43', '4', '8.40'),
        ('56', '8', '4', '1', '2020-04-10 15:31:15', '9', '26.89'),
        ('57', '7', '9', '3', '2020-01-21 17:02:15', '7', '77.50'),
        ('58', '1', '10', '2', '2019-11-05 19:12:43', '4', '6.45'),
        ('59', '10', '10', '2', '2020-03-28 20:42:15', '9', '58.24'),
        ('60', '2', '8', '2', '2020-01-03 16:22:38', '4', '8.15'),
        ('61', '10', '8', '2', '2020-06-12 20:28:21', '12', '31.00'),
        ('62', '11', '5', '2', '2019-07-09 17:49:00', '15', '102.91'),
        ('63', '11', '6', '1', '2020-03-24 16:30:38', '3', '5.30'),
        ('64', '12', '6', '2', '2019-09-04 08:08:32', '11', '56.90'),
        ('65', '14', '3', '1', '2020-05-28 12:04:06', '7', '17.38'),
        ('66', '13', '1', '2', '2020-06-12 11:10:05', '4', '8.28'),
        ('67', '15', '5', '3', '2019-10-27 13:54:05', '11', '34.87'),
        ('68', '11', '2', '1', '2020-04-18 16:10:43', '2', '6.65'),
        ('69', '14', '4', '2', '2019-12-30 18:48:15', '6', '35.59'),
        ('70', '16', '3', '2', '2020-01-08 20:58:43', '9', '31.13'),
        ('71', '10', '4', '1', '2020-04-30 09:31:15', '11', '40.44'),
        ('72', '10', '4', '1', '2020-06-29 16:48:32', '11', '34.40'),
        ('73', '15', '5', '1', '2020-02-18 11:07:06', '12', '38.92'),
        ('74', '11', '9', '3', '2020-02-19 12:52:05', '10', '27.03'),
        ('75', '9', '10', '2', '2019-09-05 17:12:43', '4', '6.45'),
        ('76', '10', '10', '2', '2019-11-16 10:42:15', '9', '58.24'),
        ('77', '9', '7', '1', '2020-03-24 16:08:32', '11', '87.29'),
        ('78', '16', '3', '1', '2020-04-18 15:42:06', '13', '44.96'),
        ('79', '12', '8', '2', '2020-03-28 20:06:00', '7', '15.57'),
        ('80', '11', '10', '2', '2019-08-09 14:40:38', '8', '7.06'),
        ('81', '14', '9', '2', '2020-06-27 13:02:21', '6', '32.55'),
        ('82', '12', '2', '2', '2019-12-19 10:24:58', '11', '39.34'),
        ('83', '14', '5', '2', '2020-06-12 12:18:05', '9', '35.55'),
        ('84', '1', '1', '2', '2020-05-19 20:30:32', '17', '29.50'),
        ('85', '2', '9', '1', '2020-03-12 19:04:06', '14', '37.70'),
        ('86', '1', '6', '3', '2020-01-10 15:08:05', '6', '19.74'),
        ('87', '15', '10', '2', '2020-03-02 17:58:43', '7', '27.45'),
        ('88', '16', '5', '1', '2020-01-07 13:50:15', '13', '30.95'),
        ('89', '6', '5', '2', '2019-09-22 12:49:00', '15', '102.91'),
        ('90', '5', '6', '1', '2020-02-23 14:30:38', '3', '5.30'),
        ('91', '1', '2', '1', '2019-10-01 08:26:21', '10', '41.98'),
        ('92', '15', '1', '1', '2020-03-29 20:36:58', '8', '18.05'),
        ('93', '16', '1', '2', '2020-06-15 19:10:05', '4', '8.28'),
        ('94', '1', '6', '3', '2020-06-10 10:08:05', '6', '19.74'),
        ('95', '11', '10', '2', '2020-05-02 12:58:43', '7', '27.45'),
        ('96', '10', '5', '1', '2020-02-30 19:50:15', '13', '30.95'),
        ('97', '16', '6', '2', '2020-03-15 18:08:32', '11', '56.90'),
        ('98', '13', '2', '2', '2019-09-13 16:08:06', '13', '34.20'),
        ('99', '1', '9', '2', '2020-04-01 15:12:00', '8', '12.40'),
        ('100', '10', '9', '2', '2020-06-75 17:12:38', '4', '8.23'),
        ('101', '9', '1', '1', '2020-02-15 19:52:21', '10', '32.23');












INSERT INTO `supermarket`.`products_transactions` (`transaction_id`, `product_id`, `amount`) 
VALUES  ('1', '7', '1'),
        ('1', '29', '2'),
        ('1', '24', '1'),
        ('1', '30', '1'),
        ('1', '26', '1'),
        ('2', '26', '1'),
        ('2', '30', '1'),
        ('2', '50', '1'),
        ('2', '43', '2'),
        ('2', '29', '3'),
        ('3', '29', '2'),
        ('3', '33', '1'),
        ('3', '37', '1'),
        ('3', '31', '1'),
        ('4', '29', '2'),
        ('4', '25', '2'),
        ('4', '36', '3'),
        ('4', '39', '1'),
        ('4', '40', '2'),
        ('4', '45', '2'),
        ('5', '29', '3'),
        ('5', '2', '1'),
        ('5', '7', '2'),
        ('5', '28', '2'),
        ('5', '35', '1'),
        ('6', '26', '3'),
        ('6', '30', '2'),
        ('6', '15', '1'),
        ('6', '16', '2'),
        ('6', '1', '2'),
        ('6', '8', '1'),
        ('7', '4', '2'),
        ('7', '6', '1'),
        ('7', '8', '2'),
        ('7', '17', '3'),
        ('7', '27', '2'),
        ('7', '39', '1'),
        ('8', '30', '1'),
        ('8', '26', '1'),
        ('8', '29', '2'),
        ('8', '5', '2'),
        ('8', '7', '1'),
        ('8', '15', '2'),
        ('8', '17', '3'),
        ('9', '29', '4'),
        ('9', '11', '2'),
        ('9', '33', '2'),
        ('9', '37', '1'),
        ('9', '39', '2'),
        ('9', '49', '2'),
        ('9', '24', '2'),
        ('10', '26', '1'),
        ('10', '30', '1'),
        ('10', '36', '1'),
        ('11', '3', '2'),
        ('11', '7', '1'),
        ('11', '15', '2'),
        ('11', '30', '1'),
        ('11', '40', '2'),
        ('11', '25', '2'),
        ('12', '9', '1'),
        ('12', '3', '1'),
        ('12', '17', '3'),
        ('12', '18', '1'),
        ('12', '23', '2'),
        ('13', '26', '2'),
        ('13', '30', '1'),
        ('13', '27', '1'),
        ('14', '9', '1'),
        ('14', '19', '3'),
        ('14', '22', '2'),
        ('14', '29', '2'),
        ('14', '30', '1'),
        ('14', '26', '1'),
        ('14', '49', '1'),
        ('15', '1', '1'),
        ('15', '14', '1'),
        ('16', '15', '1'),
        ('16', '24', '1'),
        ('16', '50', '1'),
        ('16', '47', '1'),
        ('16', '32', '2'),
        ('17', '1', '2'),
        ('17', '9', '1'),
        ('17', '19', '1'),
        ('17', '29', '2'),
        ('17', '40', '4'),
        ('17', '46', '2'),
        ('17', '32', '3'),
        ('17', '37', '2'),
        ('18', '1', '1'),
        ('18', '2', '2'),
        ('18', '3', '1'),
        ('18', '4', '1'),
        ('18', '17', '2'),
        ('18', '22', '1'),
        ('18', '27', '1'),
        ('18', '28', '2'),
        ('18', '29', '2'),
        ('19', '24', '2'),
        ('20', '3', '2'),
        ('20', '2', '1'),
        ('20', '15', '1'),
        ('20', '27', '2'),
        ('20', '29', '1'),
        ('20', '26', '1'),
        ('20', '30', '1'),
        ('21', '7', '1'),
        ('21', '15', '2'),
        ('22', '4', '2'),
        ('22', '2', '1'),
        ('22', '15', '1'),
        ('22', '16', '2'),
        ('22', '28', '1'),
        ('22', '29', '2'),
        ('22', '42', '3'),
        ('22', '39', '1'),
        ('23', '24', '1'),
        ('23', '39', '2'),
        ('24', '26', '1'),
        ('24', '27', '1'),
        ('24', '29', '1'),
        ('24', '30', '1'),
        ('24', '35', '2'),
        ('24', '37', '1'),
        ('24', '44', '1'),
        ('24', '50', '2'),
        ('25', '2', '1'),
        ('25', '5', '1'),
        ('25', '18', '1'),
        ('25', '17', '1'),
        ('26', '7', '1'),
        ('26', '15', '2'),
        ('26', '24', '1'),
        ('26', '26', '1'),
        ('26', '30', '1'),
        ('26', '29', '2'),
        ('26', '33', '1'),
        ('27', '1', '1'),
        ('27', '8', '2'),
        ('27', '10', '3'),
        ('27', '23', '1'),
        ('27', '22', '1'),
        ('27', '31', '1'),
        ('27', '17', '2'),
        ('28', '18', '2'),
        ('28', '21', '1'),
        ('28', '16', '2'),
        ('28', '2', '1'),
        ('28', '8', '2'),
        ('28', '28', '2'),
        ('28', '29', '2'),
        ('28', '26', '1'),
        ('29', '4', '1'),
        ('29', '7', '1'),
        ('29', '18', '2'),
        ('29', '34', '3'),
        ('30', '26', '1'),
        ('30', '27', '2'),
        ('30', '30', '1'),
        ('30', '40', '4'),
        ('31', '19', '1'),
        ('31', '21', '2'),
        ('31', '23', '2'),
        ('31', '24', '1'),
        ('32', '1', '2'),
        ('32', '7', '1'),
        ('32', '15', '1'),
        ('32', '8', '1'),
        ('32', '3', '1'),
        ('32', '25', '1'),
        ('32', '29', '3'),
        ('32', '32', '1'),
        ('33', '10', '1'),
        ('33', '33', '1'),
        ('33', '37', '1'),
        ('33', '41', '2'),
        ('33', '47', '3'),
        ('33', '49', '1'),
        ('34', '8', '2'),
        ('34', '13', '1'),
        ('34', '15', '1'),
        ('35', '1', '2'),
        ('35', '24', '2'),
        ('35', '29', '1'),
        ('35', '36', '2'),
        ('35', '41', '2'),
        ('36', '2', '3'),
        ('36', '11', '2'),
        ('36', '14', '1'),
        ('36', '31', '1'),
        ('37', '14', '1'),
        ('37', '33', '1'),
        ('38', '1', '1'),
        ('38', '3', '1'),
        ('38', '8', '2'),
        ('38', '15', '1'),
        ('38', '29', '2'),
        ('38', '32', '1'),
        ('38', '40', '3'),
        ('38', '42', '2'),
        ('39', '10', '1'),
        ('39', '11', '2'),
        ('39', '12', '1'),
        ('39', '17', '2'),
        ('39', '29', '2'),
        ('40', '26', '2'),
        ('40', '30', '1'),
        ('40', '28', '1'),
        ('41', '17', '1'),
        ('41', '18', '1'),
        ('41', '24', '1'),
        ('41', '25', '2'),
        ('41', '38', '2'),
        ('41', '47', '3'),
        ('42', '7', '1'),
        ('42', '25', '2'),
        ('42', '50', '2'),
        ('42', '42', '1'),
        ('43', '18', '1'),
        ('43', '16', '2'),
        ('43', '14', '2'),
        ('43', '29', '1'),
        ('43', '39', '1'),
        ('43', '37', '2'),
        ('44', '6', '1'),
        ('44', '29', '2'),
        ('44', '50', '1'),
        ('44', '38', '1'),
        ('44', '14', '1'),
        ('45', '48', '1'),
        ('45', '33', '1'),
        ('45', '44', '2'),
        ('45', '47', '2'),
        ('45', '28', '1'),
        ('46', '26', '1'),
        ('46', '30', '1'),
        ('46', '29', '2'),
        ('46', '49', '1'),
        ('46', '11', '3'),
        ('46', '20', '2'),
        ('46', '7', '1'),
        ('46', '17', '2'),
        ('47', '20', '2'),
        ('47', '43', '1'),
        ('47', '28', '1'),
        ('47', '50', '2'),
        ('47', '17', '1'),
        ('47', '16', '1'),
        ('47', '2', '2'),
        ('47', '24', '1'),
        ('48', '20', '1'),
        ('48', '16', '1'),
        ('48', '18', '2'),
        ('48', '29', '2'),
        ('48', '8', '1'),
        ('49', '50', '1'),
        ('49', '28', '2'),
        ('49', '30', '1'),
        ('49', '29', '2'),
        ('49', '26', '1'),
        ('49', '5', '1'),
        ('50', '1', '1'),
        ('50', '2', '1'),
        ('50', '14', '1'),
        ('50', '34', '1'),
        ('51', '37', '1'),
        ('51', '48', '2'),
        ('51', '16', '2'),
        ('51', '30', '1'),
        ('51', '23', '2'),
        ('51', '6', '1'),
        ('51', '40', '3'),
        ('52', '47', '1'),
        ('52', '27', '1'),
        ('52', '31', '1'),
        ('52', '19', '2'),
        ('53', '6', '1'),
        ('53', '2', '2'),
        ('53', '44', '1'),
        ('53', '23', '2'),
        ('53', '35', '2'),
        ('53', '29', '2'),
        ('54', '5', '1'),
        ('54', '50', '2'),
        ('54', '39', '1'),
        ('54', '28', '1'),
        ('54', '15', '1'),
        ('55', '29', '2'),
        ('55', '26', '2'),
        ('56', '35', '1'),
        ('56', '36', '2'),
        ('56', '15', '1'),
        ('56', '46', '2'),
        ('56', '13', '2'),
        ('56', '43', '1'),
        ('57', '2', '3'),
        ('57', '11', '2'),
        ('57', '14', '1'),
        ('57', '31', '1'),
        ('58', '2', '1'),
        ('58', '5', '1'),
        ('58', '18', '1'),
        ('58', '17', '1'),
        ('59', '7', '1'),
        ('59', '15', '2'),
        ('59', '24', '1'),
        ('59', '26', '1'),
        ('59', '30', '1'),
        ('59', '29', '2'),
        ('59', '33', '1'),
        ('60', '1', '1'),
        ('60', '2', '1'),
        ('60', '14', '1'),
        ('60', '34', '1'),
        ('61', '37', '1'),
        ('61', '48', '2'),
        ('61', '16', '2'),
        ('61', '30', '1'),
        ('61', '23', '2'),
        ('61', '6', '1'),
        ('61', '40', '3'),
        ('62', '29', '4'),
        ('62', '11', '2'),
        ('62', '33', '2'),
        ('62', '37', '1'),
        ('62', '39', '2'),
        ('62', '49', '2'),
        ('62', '24', '2'),
        ('63', '26', '1'),
        ('63', '30', '1'),
        ('63', '36', '1'),
        ('64', '20', '2'),
        ('64', '43', '1'),
        ('64', '28', '1'),
        ('64', '50', '2'),
        ('64', '17', '1'),
        ('64', '16', '1'),
        ('64', '2', '2'),
        ('64', '24', '1'),
        ('65', '20', '1'),
        ('65', '16', '1'),
        ('65', '18', '2'),
        ('65', '29', '2'),
        ('65', '8', '1'),
        ('66', '26', '2'),
        ('66', '30', '1'),
        ('66', '27', '1'),
        ('67', '9', '1'),
        ('67', '19', '3'),
        ('67', '22', '2'),
        ('67', '29', '2'),
        ('67', '30', '1'),
        ('67', '26', '1'),
        ('67', '49', '1'),
        ('68', '1', '1'),
        ('68', '14', '1'),
        ('69', '15', '1'),
        ('69', '24', '1'),
        ('69', '50', '1'),
        ('69', '47', '1'),
        ('69', '32', '2'),
        ('70', '29', '3'),
        ('70', '2', '1'),
        ('70', '7', '2'),
        ('70', '28', '2'),
        ('70', '35', '1'),
        ('71', '26', '3'),
        ('71', '30', '2'),
        ('71', '15', '1'),
        ('71', '16', '2'),
        ('71', '1', '2'),
        ('71', '8', '1'),
        ('72', '4', '2'),
        ('72', '6', '1'),
        ('72', '8', '2'),
        ('72', '17', '3'),
        ('72', '27', '2'),
        ('72', '39', '1'),
        ('73', '30', '1'),
        ('73', '26', '1'),
        ('73', '29', '2'),
        ('73', '5', '2'),
        ('73', '7', '1'),
        ('73', '15', '2'),
        ('73', '17', '3'),
        ('74', '26', '1'),
        ('74', '27', '1'),
        ('74', '29', '1'),
        ('74', '30', '1'),
        ('74', '35', '2'),
        ('74', '37', '1'),
        ('74', '44', '1'),
        ('74', '50', '2'),
        ('75', '2', '1'),
        ('75', '5', '1'),
        ('75', '18', '1'),
        ('75', '17', '1'),
        ('76', '7', '1'),
        ('76', '15', '2'),
        ('76', '24', '1'),
        ('76', '26', '1'),
        ('76', '30', '1'),
        ('76', '29', '2'),
        ('76', '33', '1'),
        ('77', '1', '1'),
        ('77', '8', '2'),
        ('77', '10', '3'),
        ('77', '23', '1'),
        ('77', '22', '1'),
        ('77', '31', '1'),
        ('77', '17', '2'),
        ('78', '18', '2'),
        ('78', '21', '1'),
        ('78', '16', '2'),
        ('78', '2', '1'),
        ('78', '8', '2'),
        ('78', '28', '2'),
        ('78', '29', '2'),
        ('78', '26', '1'),
        ('79', '4', '1'),
        ('79', '7', '1'),
        ('79', '18', '2'),
        ('79', '34', '3'),
        ('80', '26', '1'),
        ('80', '27', '2'),
        ('80', '30', '1'),
        ('80', '40', '4'),
        ('81', '19', '1'),
        ('81', '21', '2'),
        ('81', '23', '2'),
        ('81', '24', '1'),
        ('82', '1', '2'),
        ('82', '7', '1'),
        ('82', '15', '1'),
        ('82', '8', '1'),
        ('82', '3', '1'),
        ('82', '25', '1'),
        ('82', '29', '3'),
        ('82', '32', '1'),
        ('83', '10', '1'),
        ('83', '33', '1'),
        ('83', '37', '1'),
        ('83', '41', '2'),
        ('83', '47', '3'),
        ('83', '49', '1'),
        ('84', '1', '2'),
        ('84', '9', '1'),
        ('84', '19', '1'),
        ('84', '29', '2'),
        ('84', '40', '4'),
        ('84', '46', '2'),
        ('84', '32', '3'),
        ('84', '37', '2'),
        ('85', '1', '1'),
        ('85', '2', '2'),
        ('85', '3', '1'),
        ('85', '4', '1'),
        ('85', '17', '2'),
        ('85', '22', '1'),
        ('85', '27', '1'),
        ('85', '28', '2'),
        ('85', '29', '2'),
        ('86', '6', '1'),
        ('86', '29', '2'),
        ('86', '50', '1'),
        ('86', '38', '1'),
        ('86', '14', '1'),
        ('87', '48', '1'),
        ('87', '33', '1'),
        ('87', '44', '2'),
        ('87', '47', '2'),
        ('87', '28', '1'),
        ('88', '26', '1'),
        ('88', '30', '1'),
        ('88', '29', '2'),
        ('88', '49', '1'),
        ('88', '11', '3'),
        ('88', '20', '2'),
        ('88', '7', '1'),
        ('88', '17', '2'),
        ('89', '29', '4'),
        ('89', '11', '2'),
        ('89', '33', '2'),
        ('89', '37', '1'),
        ('89', '39', '2'),
        ('89', '49', '2'),
        ('89', '24', '2'),
        ('90', '26', '1'),
        ('90', '30', '1'),
        ('90', '36', '1'),
        ('91', '3', '2'),
        ('91', '7', '1'),
        ('91', '15', '2'),
        ('91', '30', '1'),
        ('91', '40', '2'),
        ('91', '25', '2'),
        ('92', '9', '1'),
        ('92', '3', '1'),
        ('92', '17', '3'),
        ('92', '18', '1'),
        ('92', '23', '2'),
        ('93', '26', '2'),
        ('93', '30', '1'),
        ('93', '27', '1'),
        ('94', '6', '1'),
        ('94', '29', '2'),
        ('94', '50', '1'),
        ('94', '38', '1'),
        ('94', '14', '1'),
        ('95', '48', '1'),
        ('95', '33', '1'),
        ('95', '44', '2'),
        ('95', '47', '2'),
        ('95', '28', '1'),
        ('96', '26', '1'),
        ('96', '30', '1'),
        ('96', '29', '2'),
        ('96', '49', '1'),
        ('96', '11', '3'),
        ('96', '20', '2'),
        ('96', '7', '1'),
        ('96', '17', '2'),
        ('97', '20', '2'),
        ('97', '43', '1'),
        ('97', '28', '1'),
        ('97', '50', '2'),
        ('97', '17', '1'),
        ('97', '16', '1'),
        ('97', '2', '2'),
        ('98', '1', '1'),
        ('98', '3', '1'),
        ('98', '8', '2'),
        ('98', '15', '1'),
        ('98', '29', '2'),
        ('98', '32', '1'),
        ('98', '40', '3'),
        ('98', '42', '2'),
        ('99', '10', '1'),
        ('99', '11', '2'),
        ('99', '12', '1'),
        ('99', '17', '2'),
        ('99', '29', '2'),
        ('100', '26', '2'),
        ('100', '30', '1'),
        ('100', '28', '1'),
        ('101', '17', '1'),
        ('101', '18', '1'),
        ('101', '24', '1'),
        ('101', '25', '2'),
        ('101', '38', '2'),
        ('101', '47', '3');